"id","name","country_id","tax_payable_account_id","tax_receivable_account_id","name@nl","name@de"
<<<<<<< HEAD
<<<<<<< HEAD
<<<<<<< HEAD
<<<<<<< HEAD
<<<<<<< HEAD
<<<<<<< HEAD
<<<<<<< HEAD
<<<<<<< HEAD
<<<<<<< HEAD
<<<<<<< HEAD
<<<<<<< HEAD
<<<<<<< HEAD
<<<<<<< HEAD
<<<<<<< HEAD
<<<<<<< HEAD
<<<<<<< HEAD
<<<<<<< HEAD
<<<<<<< HEAD
<<<<<<< HEAD
<<<<<<< HEAD
"tax_group_0","VAT 0%","base.nl","pay","pay","BTW 0%","MWST. 0%"
"tax_group_9","VAT 9%","base.nl","pay","pay","BTW 9%","MWST. 9%"
"tax_group_21","VAT 21%","base.nl","pay","pay","BTW 21%","MWST. 21%"
=======
"tax_group_0","VAT 0%","base.nl","vat_tax_liabilities","vat_tax_liabilities","BTW 0%","MwSt. 0%"
"tax_group_9","VAT 9%","base.nl","vat_tax_liabilities","vat_tax_liabilities","BTW 9%","MwSt. 9%"
"tax_group_21","VAT 21%","base.nl","vat_tax_liabilities","vat_tax_liabilities","BTW 21%","MwSt. 21%"
>>>>>>> upstream/18.0
=======
"tax_group_0","VAT 0%","base.nl","vat_tax_liabilities","vat_tax_liabilities","BTW 0%","MwSt. 0%"
"tax_group_9","VAT 9%","base.nl","vat_tax_liabilities","vat_tax_liabilities","BTW 9%","MwSt. 9%"
"tax_group_21","VAT 21%","base.nl","vat_tax_liabilities","vat_tax_liabilities","BTW 21%","MwSt. 21%"
>>>>>>> upstream/18.0
=======
"tax_group_0","VAT 0%","base.nl","vat_tax_liabilities","vat_tax_liabilities","BTW 0%","MwSt. 0%"
"tax_group_9","VAT 9%","base.nl","vat_tax_liabilities","vat_tax_liabilities","BTW 9%","MwSt. 9%"
"tax_group_21","VAT 21%","base.nl","vat_tax_liabilities","vat_tax_liabilities","BTW 21%","MwSt. 21%"
>>>>>>> upstream/18.0
=======
"tax_group_0","VAT 0%","base.nl","vat_tax_liabilities","vat_tax_liabilities","BTW 0%","MwSt. 0%"
"tax_group_9","VAT 9%","base.nl","vat_tax_liabilities","vat_tax_liabilities","BTW 9%","MwSt. 9%"
"tax_group_21","VAT 21%","base.nl","vat_tax_liabilities","vat_tax_liabilities","BTW 21%","MwSt. 21%"
>>>>>>> upstream/18.0
=======
"tax_group_0","VAT 0%","base.nl","vat_tax_liabilities","vat_tax_liabilities","BTW 0%","MwSt. 0%"
"tax_group_9","VAT 9%","base.nl","vat_tax_liabilities","vat_tax_liabilities","BTW 9%","MwSt. 9%"
"tax_group_21","VAT 21%","base.nl","vat_tax_liabilities","vat_tax_liabilities","BTW 21%","MwSt. 21%"
>>>>>>> upstream/18.0
=======
"tax_group_0","VAT 0%","base.nl","vat_tax_liabilities","vat_tax_liabilities","BTW 0%","MwSt. 0%"
"tax_group_9","VAT 9%","base.nl","vat_tax_liabilities","vat_tax_liabilities","BTW 9%","MwSt. 9%"
"tax_group_21","VAT 21%","base.nl","vat_tax_liabilities","vat_tax_liabilities","BTW 21%","MwSt. 21%"
>>>>>>> upstream/18.0
=======
"tax_group_0","VAT 0%","base.nl","vat_tax_liabilities","vat_tax_liabilities","BTW 0%","MwSt. 0%"
"tax_group_9","VAT 9%","base.nl","vat_tax_liabilities","vat_tax_liabilities","BTW 9%","MwSt. 9%"
"tax_group_21","VAT 21%","base.nl","vat_tax_liabilities","vat_tax_liabilities","BTW 21%","MwSt. 21%"
>>>>>>> upstream/18.0
=======
"tax_group_0","VAT 0%","base.nl","vat_tax_liabilities","vat_tax_liabilities","BTW 0%","MwSt. 0%"
"tax_group_9","VAT 9%","base.nl","vat_tax_liabilities","vat_tax_liabilities","BTW 9%","MwSt. 9%"
"tax_group_21","VAT 21%","base.nl","vat_tax_liabilities","vat_tax_liabilities","BTW 21%","MwSt. 21%"
>>>>>>> upstream/18.0
=======
"tax_group_0","VAT 0%","base.nl","vat_tax_liabilities","vat_tax_liabilities","BTW 0%","MwSt. 0%"
"tax_group_9","VAT 9%","base.nl","vat_tax_liabilities","vat_tax_liabilities","BTW 9%","MwSt. 9%"
"tax_group_21","VAT 21%","base.nl","vat_tax_liabilities","vat_tax_liabilities","BTW 21%","MwSt. 21%"
>>>>>>> upstream/18.0
=======
"tax_group_0","VAT 0%","base.nl","vat_tax_liabilities","vat_tax_liabilities","BTW 0%","MwSt. 0%"
"tax_group_9","VAT 9%","base.nl","vat_tax_liabilities","vat_tax_liabilities","BTW 9%","MwSt. 9%"
"tax_group_21","VAT 21%","base.nl","vat_tax_liabilities","vat_tax_liabilities","BTW 21%","MwSt. 21%"
>>>>>>> upstream/18.0
=======
"tax_group_0","VAT 0%","base.nl","vat_tax_liabilities","vat_tax_liabilities","BTW 0%","MwSt. 0%"
"tax_group_9","VAT 9%","base.nl","vat_tax_liabilities","vat_tax_liabilities","BTW 9%","MwSt. 9%"
"tax_group_21","VAT 21%","base.nl","vat_tax_liabilities","vat_tax_liabilities","BTW 21%","MwSt. 21%"
>>>>>>> upstream/18.0
=======
"tax_group_0","VAT 0%","base.nl","vat_tax_liabilities","vat_tax_liabilities","BTW 0%","MwSt. 0%"
"tax_group_9","VAT 9%","base.nl","vat_tax_liabilities","vat_tax_liabilities","BTW 9%","MwSt. 9%"
"tax_group_21","VAT 21%","base.nl","vat_tax_liabilities","vat_tax_liabilities","BTW 21%","MwSt. 21%"
>>>>>>> upstream/18.0
=======
"tax_group_0","VAT 0%","base.nl","vat_tax_liabilities","vat_tax_liabilities","BTW 0%","MwSt. 0%"
"tax_group_9","VAT 9%","base.nl","vat_tax_liabilities","vat_tax_liabilities","BTW 9%","MwSt. 9%"
"tax_group_21","VAT 21%","base.nl","vat_tax_liabilities","vat_tax_liabilities","BTW 21%","MwSt. 21%"
>>>>>>> upstream/18.0
=======
"tax_group_0","VAT 0%","base.nl","vat_tax_liabilities","vat_tax_liabilities","BTW 0%","MwSt. 0%"
"tax_group_9","VAT 9%","base.nl","vat_tax_liabilities","vat_tax_liabilities","BTW 9%","MwSt. 9%"
"tax_group_21","VAT 21%","base.nl","vat_tax_liabilities","vat_tax_liabilities","BTW 21%","MwSt. 21%"
>>>>>>> upstream/18.0
=======
"tax_group_0","VAT 0%","base.nl","vat_tax_liabilities","vat_tax_liabilities","BTW 0%","MwSt. 0%"
"tax_group_9","VAT 9%","base.nl","vat_tax_liabilities","vat_tax_liabilities","BTW 9%","MwSt. 9%"
"tax_group_21","VAT 21%","base.nl","vat_tax_liabilities","vat_tax_liabilities","BTW 21%","MwSt. 21%"
>>>>>>> upstream/18.0
=======
"tax_group_0","VAT 0%","base.nl","vat_tax_liabilities","vat_tax_liabilities","BTW 0%","MwSt. 0%"
"tax_group_9","VAT 9%","base.nl","vat_tax_liabilities","vat_tax_liabilities","BTW 9%","MwSt. 9%"
"tax_group_21","VAT 21%","base.nl","vat_tax_liabilities","vat_tax_liabilities","BTW 21%","MwSt. 21%"
>>>>>>> upstream/18.0
=======
"tax_group_0","VAT 0%","base.nl","vat_tax_liabilities","vat_tax_liabilities","BTW 0%","MwSt. 0%"
"tax_group_9","VAT 9%","base.nl","vat_tax_liabilities","vat_tax_liabilities","BTW 9%","MwSt. 9%"
"tax_group_21","VAT 21%","base.nl","vat_tax_liabilities","vat_tax_liabilities","BTW 21%","MwSt. 21%"
>>>>>>> upstream/18.0
=======
"tax_group_0","VAT 0%","base.nl","vat_tax_liabilities","vat_tax_liabilities","BTW 0%","MwSt. 0%"
"tax_group_9","VAT 9%","base.nl","vat_tax_liabilities","vat_tax_liabilities","BTW 9%","MwSt. 9%"
"tax_group_21","VAT 21%","base.nl","vat_tax_liabilities","vat_tax_liabilities","BTW 21%","MwSt. 21%"
>>>>>>> upstream/18.0
=======
"tax_group_0","VAT 0%","base.nl","vat_tax_liabilities","vat_tax_liabilities","BTW 0%","MwSt. 0%"
"tax_group_9","VAT 9%","base.nl","vat_tax_liabilities","vat_tax_liabilities","BTW 9%","MwSt. 9%"
"tax_group_21","VAT 21%","base.nl","vat_tax_liabilities","vat_tax_liabilities","BTW 21%","MwSt. 21%"
>>>>>>> upstream/18.0
=======
"tax_group_0","VAT 0%","base.nl","vat_tax_liabilities","vat_tax_liabilities","BTW 0%","MwSt. 0%"
"tax_group_9","VAT 9%","base.nl","vat_tax_liabilities","vat_tax_liabilities","BTW 9%","MwSt. 9%"
"tax_group_21","VAT 21%","base.nl","vat_tax_liabilities","vat_tax_liabilities","BTW 21%","MwSt. 21%"
>>>>>>> upstream/18.0
