"id","name","name@fr","tax_payable_account_id","tax_receivable_account_id"
<<<<<<< HEAD
<<<<<<< HEAD
<<<<<<< HEAD
<<<<<<< HEAD
<<<<<<< HEAD
<<<<<<< HEAD
<<<<<<< HEAD
<<<<<<< HEAD
<<<<<<< HEAD
<<<<<<< HEAD
"syscebnl_tax_group_0","VAT 0%","T.V.A. 0%","syscebnl_443","syscebnl_445"
"syscebnl_tax_group_19_25","VAT 19.25%","T.V.A. 19.25%","syscebnl_443","syscebnl_445"
=======
"syscebnl_tax_group_0","VAT 0%","T.V.A. 0%","syscebnl_444","syscebnl_444"
"syscebnl_tax_group_19_25","VAT 19.25%","T.V.A. 19.25%","syscebnl_444","syscebnl_444"
>>>>>>> upstream/18.0
=======
"syscebnl_tax_group_0","VAT 0%","T.V.A. 0%","syscebnl_444","syscebnl_444"
"syscebnl_tax_group_19_25","VAT 19.25%","T.V.A. 19.25%","syscebnl_444","syscebnl_444"
>>>>>>> upstream/18.0
=======
"syscebnl_tax_group_0","VAT 0%","T.V.A. 0%","syscebnl_444","syscebnl_444"
"syscebnl_tax_group_19_25","VAT 19.25%","T.V.A. 19.25%","syscebnl_444","syscebnl_444"
>>>>>>> upstream/18.0
=======
"syscebnl_tax_group_0","VAT 0%","T.V.A. 0%","syscebnl_444","syscebnl_444"
"syscebnl_tax_group_19_25","VAT 19.25%","T.V.A. 19.25%","syscebnl_444","syscebnl_444"
>>>>>>> upstream/18.0
=======
"syscebnl_tax_group_0","VAT 0%","T.V.A. 0%","syscebnl_444","syscebnl_444"
"syscebnl_tax_group_19_25","VAT 19.25%","T.V.A. 19.25%","syscebnl_444","syscebnl_444"
>>>>>>> upstream/18.0
=======
"syscebnl_tax_group_0","VAT 0%","T.V.A. 0%","syscebnl_444","syscebnl_444"
"syscebnl_tax_group_19_25","VAT 19.25%","T.V.A. 19.25%","syscebnl_444","syscebnl_444"
>>>>>>> upstream/18.0
=======
"syscebnl_tax_group_0","VAT 0%","T.V.A. 0%","syscebnl_444","syscebnl_444"
"syscebnl_tax_group_19_25","VAT 19.25%","T.V.A. 19.25%","syscebnl_444","syscebnl_444"
>>>>>>> upstream/18.0
=======
"syscebnl_tax_group_0","VAT 0%","T.V.A. 0%","syscebnl_444","syscebnl_444"
"syscebnl_tax_group_19_25","VAT 19.25%","T.V.A. 19.25%","syscebnl_444","syscebnl_444"
>>>>>>> upstream/18.0
=======
"syscebnl_tax_group_0","VAT 0%","T.V.A. 0%","syscebnl_444","syscebnl_444"
"syscebnl_tax_group_19_25","VAT 19.25%","T.V.A. 19.25%","syscebnl_444","syscebnl_444"
>>>>>>> upstream/18.0
=======
"syscebnl_tax_group_0","VAT 0%","T.V.A. 0%","syscebnl_444","syscebnl_444"
"syscebnl_tax_group_19_25","VAT 19.25%","T.V.A. 19.25%","syscebnl_444","syscebnl_444"
>>>>>>> upstream/18.0
