"id","name","country_id","tax_receivable_account_id","tax_payable_account_id","name@fi"
<<<<<<< HEAD
<<<<<<< HEAD
<<<<<<< HEAD
<<<<<<< HEAD
<<<<<<< HEAD
<<<<<<< HEAD
<<<<<<< HEAD
<<<<<<< HEAD
<<<<<<< HEAD
<<<<<<< HEAD
<<<<<<< HEAD
<<<<<<< HEAD
"tax_group_25_5","VAT 25.5%","base.fi","account_1765","account_2930","ALV 25.5%"
"tax_group_24","VAT 24%","base.fi","account_1765","account_2930","ALV 24%"
"tax_group_14","VAT 14%","base.fi","account_1765","account_2930","ALV 14 %"
"tax_group_10","VAT 10%","base.fi","account_1765","account_2930","ALV 10 %"
"tax_group_0","VAT 0%","base.fi","account_1765","account_2930","ALV 0 %"
=======
=======
>>>>>>> upstream/18.0
=======
>>>>>>> upstream/18.0
=======
>>>>>>> upstream/18.0
=======
>>>>>>> upstream/18.0
=======
>>>>>>> upstream/18.0
=======
>>>>>>> upstream/18.0
=======
>>>>>>> upstream/18.0
=======
>>>>>>> upstream/18.0
=======
>>>>>>> upstream/18.0
=======
>>>>>>> upstream/18.0
=======
>>>>>>> upstream/18.0
"tax_group_25_5","VAT 25.5%","base.fi","account_1764","account_2939","ALV 25.5%"
"tax_group_24","VAT 24%","base.fi","account_1764","account_2939","ALV 24%"
"tax_group_14","VAT 14%","base.fi","account_1764","account_2939","ALV 14 %"
"tax_group_10","VAT 10%","base.fi","account_1764","account_2939","ALV 10 %"
"tax_group_0","VAT 0%","base.fi","account_1764","account_2939","ALV 0 %"
<<<<<<< HEAD
<<<<<<< HEAD
<<<<<<< HEAD
<<<<<<< HEAD
<<<<<<< HEAD
<<<<<<< HEAD
<<<<<<< HEAD
<<<<<<< HEAD
<<<<<<< HEAD
<<<<<<< HEAD
<<<<<<< HEAD
>>>>>>> upstream/18.0
=======
>>>>>>> upstream/18.0
=======
>>>>>>> upstream/18.0
=======
>>>>>>> upstream/18.0
=======
>>>>>>> upstream/18.0
=======
>>>>>>> upstream/18.0
=======
>>>>>>> upstream/18.0
=======
>>>>>>> upstream/18.0
=======
>>>>>>> upstream/18.0
=======
>>>>>>> upstream/18.0
=======
>>>>>>> upstream/18.0
=======
>>>>>>> upstream/18.0
