"id","name","country_id","tax_receivable_account_id","tax_payable_account_id","name@sr@latin"
<<<<<<< HEAD
<<<<<<< HEAD
<<<<<<< HEAD
<<<<<<< HEAD
<<<<<<< HEAD
<<<<<<< HEAD
"tax_group_vat_20","General VAT rate 20%","base.rs","rs_270","rs_470","Opšta stopa PDV-a 20%"
"tax_group_vat_10","Specific VAT rate 10%","base.rs","rs_270","rs_470","Opšta stopa PDV-a 10%"
"tax_group_vat_0","Exempt VAT rate 0%","base.rs","rs_270","rs_470","Oslobođena stopa PDV-a 0%"
"tax_group_vat_compensation","Compensation","base.rs","rs_270","rs_470","Kompenzacija"
=======
=======
>>>>>>> upstream/18.0
=======
>>>>>>> upstream/18.0
=======
>>>>>>> upstream/18.0
=======
>>>>>>> upstream/18.0
=======
>>>>>>> upstream/18.0
"tax_group_vat_20","General VAT rate 20%","base.rs","rs_279","rs_479","Opšta stopa PDV-a 20%"
"tax_group_vat_10","Specific VAT rate 10%","base.rs","rs_279","rs_479","Opšta stopa PDV-a 10%"
"tax_group_vat_0","Exempt VAT rate 0%","base.rs","rs_279","rs_479","Oslobođena stopa PDV-a 0%"
"tax_group_vat_compensation","Compensation","base.rs","rs_279","rs_479","Kompenzacija"
<<<<<<< HEAD
<<<<<<< HEAD
<<<<<<< HEAD
<<<<<<< HEAD
<<<<<<< HEAD
>>>>>>> upstream/18.0
=======
>>>>>>> upstream/18.0
=======
>>>>>>> upstream/18.0
=======
>>>>>>> upstream/18.0
=======
>>>>>>> upstream/18.0
=======
>>>>>>> upstream/18.0
