"id","name","country_id","tax_receivable_account_id","tax_payable_account_id","name@ko_KR"
<<<<<<< HEAD
<<<<<<< HEAD
<<<<<<< HEAD
<<<<<<< HEAD
<<<<<<< HEAD
<<<<<<< HEAD
<<<<<<< HEAD
<<<<<<< HEAD
<<<<<<< HEAD
<<<<<<< HEAD
<<<<<<< HEAD
<<<<<<< HEAD
<<<<<<< HEAD
<<<<<<< HEAD
<<<<<<< HEAD
<<<<<<< HEAD
<<<<<<< HEAD
<<<<<<< HEAD
<<<<<<< HEAD
<<<<<<< HEAD
"tax_group_vat","VAT","base.kr","l10n_kr_111606","l10n_kr_216004","부가세"
=======
"tax_group_vat","VAT","base.kr","l10n_kr_213001","l10n_kr_213001","부가세"
>>>>>>> upstream/18.0
=======
"tax_group_vat","VAT","base.kr","l10n_kr_213001","l10n_kr_213001","부가세"
>>>>>>> upstream/18.0
=======
"tax_group_vat","VAT","base.kr","l10n_kr_213001","l10n_kr_213001","부가세"
>>>>>>> upstream/18.0
=======
"tax_group_vat","VAT","base.kr","l10n_kr_213001","l10n_kr_213001","부가세"
>>>>>>> upstream/18.0
=======
"tax_group_vat","VAT","base.kr","l10n_kr_213001","l10n_kr_213001","부가세"
>>>>>>> upstream/18.0
=======
"tax_group_vat","VAT","base.kr","l10n_kr_213001","l10n_kr_213001","부가세"
>>>>>>> upstream/18.0
=======
"tax_group_vat","VAT","base.kr","l10n_kr_213001","l10n_kr_213001","부가세"
>>>>>>> upstream/18.0
=======
"tax_group_vat","VAT","base.kr","l10n_kr_213001","l10n_kr_213001","부가세"
>>>>>>> upstream/18.0
=======
"tax_group_vat","VAT","base.kr","l10n_kr_213001","l10n_kr_213001","부가세"
>>>>>>> upstream/18.0
=======
"tax_group_vat","VAT","base.kr","l10n_kr_213001","l10n_kr_213001","부가세"
>>>>>>> upstream/18.0
=======
"tax_group_vat","VAT","base.kr","l10n_kr_213001","l10n_kr_213001","부가세"
>>>>>>> upstream/18.0
=======
"tax_group_vat","VAT","base.kr","l10n_kr_213001","l10n_kr_213001","부가세"
>>>>>>> upstream/18.0
=======
"tax_group_vat","VAT","base.kr","l10n_kr_213001","l10n_kr_213001","부가세"
>>>>>>> upstream/18.0
=======
"tax_group_vat","VAT","base.kr","l10n_kr_213001","l10n_kr_213001","부가세"
>>>>>>> upstream/18.0
=======
"tax_group_vat","VAT","base.kr","l10n_kr_213001","l10n_kr_213001","부가세"
>>>>>>> upstream/18.0
=======
"tax_group_vat","VAT","base.kr","l10n_kr_213001","l10n_kr_213001","부가세"
>>>>>>> upstream/18.0
=======
"tax_group_vat","VAT","base.kr","l10n_kr_213001","l10n_kr_213001","부가세"
>>>>>>> upstream/18.0
=======
"tax_group_vat","VAT","base.kr","l10n_kr_213001","l10n_kr_213001","부가세"
>>>>>>> upstream/18.0
=======
"tax_group_vat","VAT","base.kr","l10n_kr_213001","l10n_kr_213001","부가세"
>>>>>>> upstream/18.0
=======
"tax_group_vat","VAT","base.kr","l10n_kr_213001","l10n_kr_213001","부가세"
>>>>>>> upstream/18.0
