"id","name","country_id","name@es"
"tax_group_iva_10","VAT 10%","base.uy","IVA 10%"
"tax_group_iva_22","VAT 22%","base.uy","IVA 22%"
"tax_group_exenton","EXEMPT","base.uy","EXENTOS"
<<<<<<< HEAD
<<<<<<< HEAD
<<<<<<< HEAD
<<<<<<< HEAD
<<<<<<< HEAD
<<<<<<< HEAD
<<<<<<< HEAD
<<<<<<< HEAD
<<<<<<< HEAD
<<<<<<< HEAD
<<<<<<< HEAD
<<<<<<< HEAD
<<<<<<< HEAD
<<<<<<< HEAD
<<<<<<< HEAD
<<<<<<< HEAD
<<<<<<< HEAD
<<<<<<< HEAD
<<<<<<< HEAD
<<<<<<< HEAD
<<<<<<< HEAD
<<<<<<< HEAD
<<<<<<< HEAD
<<<<<<< HEAD
<<<<<<< HEAD
<<<<<<< HEAD
<<<<<<< HEAD
<<<<<<< HEAD
<<<<<<< HEAD
<<<<<<< HEAD
<<<<<<< HEAD
<<<<<<< HEAD
<<<<<<< HEAD
<<<<<<< HEAD
<<<<<<< HEAD
<<<<<<< HEAD
<<<<<<< HEAD
<<<<<<< HEAD
<<<<<<< HEAD
<<<<<<< HEAD
<<<<<<< HEAD
<<<<<<< HEAD
<<<<<<< HEAD
<<<<<<< HEAD
<<<<<<< HEAD
<<<<<<< HEAD
<<<<<<< HEAD
<<<<<<< HEAD
<<<<<<< HEAD
<<<<<<< HEAD
<<<<<<< HEAD
<<<<<<< HEAD
<<<<<<< HEAD
<<<<<<< HEAD
<<<<<<< HEAD
<<<<<<< HEAD
<<<<<<< HEAD
<<<<<<< HEAD
<<<<<<< HEAD
<<<<<<< HEAD
<<<<<<< HEAD
<<<<<<< HEAD
<<<<<<< HEAD
<<<<<<< HEAD
<<<<<<< HEAD
<<<<<<< HEAD
<<<<<<< HEAD
<<<<<<< HEAD
<<<<<<< HEAD
<<<<<<< HEAD
<<<<<<< HEAD
<<<<<<< HEAD
<<<<<<< HEAD
<<<<<<< HEAD
<<<<<<< HEAD
<<<<<<< HEAD
<<<<<<< HEAD
<<<<<<< HEAD
<<<<<<< HEAD
<<<<<<< HEAD
<<<<<<< HEAD
<<<<<<< HEAD
<<<<<<< HEAD
<<<<<<< HEAD
=======
"tax_group_reduced_vat","Other VAT","base.uy","Otras Tasas"
>>>>>>> upstream/18.0
=======
"tax_group_reduced_vat","Other VAT","base.uy","Otras Tasas"
>>>>>>> upstream/18.0
=======
"tax_group_reduced_vat","Other VAT","base.uy","Otras Tasas"
>>>>>>> upstream/18.0
=======
"tax_group_reduced_vat","Other VAT","base.uy","Otras Tasas"
>>>>>>> upstream/18.0
=======
"tax_group_reduced_vat","Other VAT","base.uy","Otras Tasas"
>>>>>>> upstream/18.0
=======
"tax_group_reduced_vat","Other VAT","base.uy","Otras Tasas"
>>>>>>> upstream/18.0
=======
"tax_group_reduced_vat","Other VAT","base.uy","Otras Tasas"
>>>>>>> upstream/18.0
=======
"tax_group_reduced_vat","Other VAT","base.uy","Otras Tasas"
>>>>>>> upstream/18.0
=======
"tax_group_reduced_vat","Other VAT","base.uy","Otras Tasas"
>>>>>>> upstream/18.0
=======
"tax_group_reduced_vat","Other VAT","base.uy","Otras Tasas"
>>>>>>> upstream/18.0
=======
"tax_group_reduced_vat","Other VAT","base.uy","Otras Tasas"
>>>>>>> upstream/18.0
=======
"tax_group_reduced_vat","Other VAT","base.uy","Otras Tasas"
>>>>>>> upstream/18.0
=======
"tax_group_reduced_vat","Other VAT","base.uy","Otras Tasas"
>>>>>>> upstream/18.0
=======
"tax_group_reduced_vat","Other VAT","base.uy","Otras Tasas"
>>>>>>> upstream/18.0
=======
"tax_group_reduced_vat","Other VAT","base.uy","Otras Tasas"
>>>>>>> upstream/18.0
=======
"tax_group_reduced_vat","Other VAT","base.uy","Otras Tasas"
>>>>>>> upstream/18.0
=======
"tax_group_reduced_vat","Other VAT","base.uy","Otras Tasas"
>>>>>>> upstream/18.0
=======
"tax_group_reduced_vat","Other VAT","base.uy","Otras Tasas"
>>>>>>> upstream/18.0
=======
"tax_group_reduced_vat","Other VAT","base.uy","Otras Tasas"
>>>>>>> upstream/18.0
=======
"tax_group_reduced_vat","Other VAT","base.uy","Otras Tasas"
>>>>>>> upstream/18.0
=======
"tax_group_reduced_vat","Other VAT","base.uy","Otras Tasas"
>>>>>>> upstream/18.0
=======
"tax_group_reduced_vat","Other VAT","base.uy","Otras Tasas"
>>>>>>> upstream/18.0
=======
"tax_group_reduced_vat","Other VAT","base.uy","Otras Tasas"
>>>>>>> upstream/18.0
=======
"tax_group_reduced_vat","Other VAT","base.uy","Otras Tasas"
>>>>>>> upstream/18.0
=======
"tax_group_reduced_vat","Other VAT","base.uy","Otras Tasas"
>>>>>>> upstream/18.0
=======
"tax_group_reduced_vat","Other VAT","base.uy","Otras Tasas"
>>>>>>> upstream/18.0
=======
"tax_group_reduced_vat","Other VAT","base.uy","Otras Tasas"
>>>>>>> upstream/18.0
=======
"tax_group_reduced_vat","Other VAT","base.uy","Otras Tasas"
>>>>>>> upstream/18.0
=======
"tax_group_reduced_vat","Other VAT","base.uy","Otras Tasas"
>>>>>>> upstream/18.0
=======
"tax_group_reduced_vat","Other VAT","base.uy","Otras Tasas"
>>>>>>> upstream/18.0
=======
"tax_group_reduced_vat","Other VAT","base.uy","Otras Tasas"
>>>>>>> upstream/18.0
=======
"tax_group_reduced_vat","Other VAT","base.uy","Otras Tasas"
>>>>>>> upstream/18.0
=======
"tax_group_reduced_vat","Other VAT","base.uy","Otras Tasas"
>>>>>>> upstream/18.0
=======
"tax_group_reduced_vat","Other VAT","base.uy","Otras Tasas"
>>>>>>> upstream/18.0
=======
"tax_group_reduced_vat","Other VAT","base.uy","Otras Tasas"
>>>>>>> upstream/18.0
=======
"tax_group_reduced_vat","Other VAT","base.uy","Otras Tasas"
>>>>>>> upstream/18.0
=======
"tax_group_reduced_vat","Other VAT","base.uy","Otras Tasas"
>>>>>>> upstream/18.0
=======
"tax_group_reduced_vat","Other VAT","base.uy","Otras Tasas"
>>>>>>> upstream/18.0
=======
"tax_group_reduced_vat","Other VAT","base.uy","Otras Tasas"
>>>>>>> upstream/18.0
=======
"tax_group_reduced_vat","Other VAT","base.uy","Otras Tasas"
>>>>>>> upstream/18.0
=======
"tax_group_reduced_vat","Other VAT","base.uy","Otras Tasas"
>>>>>>> upstream/18.0
=======
"tax_group_reduced_vat","Other VAT","base.uy","Otras Tasas"
>>>>>>> upstream/18.0
=======
"tax_group_reduced_vat","Other VAT","base.uy","Otras Tasas"
>>>>>>> upstream/18.0
=======
"tax_group_reduced_vat","Other VAT","base.uy","Otras Tasas"
>>>>>>> upstream/18.0
=======
"tax_group_reduced_vat","Other VAT","base.uy","Otras Tasas"
>>>>>>> upstream/18.0
=======
"tax_group_reduced_vat","Other VAT","base.uy","Otras Tasas"
>>>>>>> upstream/18.0
=======
"tax_group_reduced_vat","Other VAT","base.uy","Otras Tasas"
>>>>>>> upstream/18.0
=======
"tax_group_reduced_vat","Other VAT","base.uy","Otras Tasas"
>>>>>>> upstream/18.0
=======
"tax_group_reduced_vat","Other VAT","base.uy","Otras Tasas"
>>>>>>> upstream/18.0
=======
"tax_group_reduced_vat","Other VAT","base.uy","Otras Tasas"
>>>>>>> upstream/18.0
=======
"tax_group_reduced_vat","Other VAT","base.uy","Otras Tasas"
>>>>>>> upstream/18.0
=======
"tax_group_reduced_vat","Other VAT","base.uy","Otras Tasas"
>>>>>>> upstream/18.0
=======
"tax_group_reduced_vat","Other VAT","base.uy","Otras Tasas"
>>>>>>> upstream/18.0
=======
"tax_group_reduced_vat","Other VAT","base.uy","Otras Tasas"
>>>>>>> upstream/18.0
=======
"tax_group_reduced_vat","Other VAT","base.uy","Otras Tasas"
>>>>>>> upstream/18.0
=======
"tax_group_reduced_vat","Other VAT","base.uy","Otras Tasas"
>>>>>>> upstream/18.0
=======
"tax_group_reduced_vat","Other VAT","base.uy","Otras Tasas"
>>>>>>> upstream/18.0
=======
"tax_group_reduced_vat","Other VAT","base.uy","Otras Tasas"
>>>>>>> upstream/18.0
=======
"tax_group_reduced_vat","Other VAT","base.uy","Otras Tasas"
>>>>>>> upstream/18.0
=======
"tax_group_reduced_vat","Other VAT","base.uy","Otras Tasas"
>>>>>>> upstream/18.0
=======
"tax_group_reduced_vat","Other VAT","base.uy","Otras Tasas"
>>>>>>> upstream/18.0
=======
"tax_group_reduced_vat","Other VAT","base.uy","Otras Tasas"
>>>>>>> upstream/18.0
=======
"tax_group_reduced_vat","Other VAT","base.uy","Otras Tasas"
>>>>>>> upstream/18.0
=======
"tax_group_reduced_vat","Other VAT","base.uy","Otras Tasas"
>>>>>>> upstream/18.0
=======
"tax_group_reduced_vat","Other VAT","base.uy","Otras Tasas"
>>>>>>> upstream/18.0
=======
"tax_group_reduced_vat","Other VAT","base.uy","Otras Tasas"
>>>>>>> upstream/18.0
=======
"tax_group_reduced_vat","Other VAT","base.uy","Otras Tasas"
>>>>>>> upstream/18.0
=======
"tax_group_reduced_vat","Other VAT","base.uy","Otras Tasas"
>>>>>>> upstream/18.0
=======
"tax_group_reduced_vat","Other VAT","base.uy","Otras Tasas"
>>>>>>> upstream/18.0
=======
"tax_group_reduced_vat","Other VAT","base.uy","Otras Tasas"
>>>>>>> upstream/18.0
=======
"tax_group_reduced_vat","Other VAT","base.uy","Otras Tasas"
>>>>>>> upstream/18.0
=======
"tax_group_reduced_vat","Other VAT","base.uy","Otras Tasas"
>>>>>>> upstream/18.0
=======
"tax_group_reduced_vat","Other VAT","base.uy","Otras Tasas"
>>>>>>> upstream/18.0
=======
"tax_group_reduced_vat","Other VAT","base.uy","Otras Tasas"
>>>>>>> upstream/18.0
=======
"tax_group_reduced_vat","Other VAT","base.uy","Otras Tasas"
>>>>>>> upstream/18.0
=======
"tax_group_reduced_vat","Other VAT","base.uy","Otras Tasas"
>>>>>>> upstream/18.0
=======
"tax_group_reduced_vat","Other VAT","base.uy","Otras Tasas"
>>>>>>> upstream/18.0
=======
"tax_group_reduced_vat","Other VAT","base.uy","Otras Tasas"
>>>>>>> upstream/18.0
=======
"tax_group_reduced_vat","Other VAT","base.uy","Otras Tasas"
>>>>>>> upstream/18.0
=======
"tax_group_reduced_vat","Other VAT","base.uy","Otras Tasas"
>>>>>>> upstream/18.0
=======
"tax_group_reduced_vat","Other VAT","base.uy","Otras Tasas"
>>>>>>> upstream/18.0
=======
"tax_group_reduced_vat","Other VAT","base.uy","Otras Tasas"
>>>>>>> upstream/18.0
=======
"tax_group_reduced_vat","Other VAT","base.uy","Otras Tasas"
>>>>>>> upstream/18.0
=======
"tax_group_reduced_vat","Other VAT","base.uy","Otras Tasas"
>>>>>>> upstream/18.0
